{"cameraMode":{"drawMode":0,"name":"Shaded","section":"Shading Mode"},"sceneLighting":false,"audioPlay":false,"sceneViewState":{"showFog":false,"showMaterialUpdate":true,"showSkybox":true,"showFlares":true,"showImageEffects":true,"showParticleSystems":true},"in2DMode":false,"pivot":{"x":-4.104583263397217,"y":7.50234317779541,"z":19.832216262817384},"rotation":{"x":0.018010659143328668,"y":0.980976939201355,"z":-0.15730313956737519,"w":0.11231835931539536},"size":32.176856994628909,"orthographic":false}