{"cameraMode":{"drawMode":0,"name":"Shaded","section":"Shading Mode"},"sceneLighting":false,"audioPlay":false,"sceneViewState":{"showFog":false,"showMaterialUpdate":true,"showSkybox":true,"showFlares":true,"showImageEffects":true,"showParticleSystems":true},"in2DMode":false,"pivot":{"x":-3.768352508544922,"y":23.93926429748535,"z":19.336050033569337},"rotation":{"x":-0.01883082464337349,"y":0.9805740118026733,"z":0.15422266721725465,"w":0.11972945928573609},"size":17.855649948120118,"orthographic":false}