{"cameraMode":{"drawMode":0,"name":"Shaded","section":"Shading Mode"},"sceneLighting":false,"audioPlay":false,"sceneViewState":{"showFog":false,"showMaterialUpdate":true,"showSkybox":true,"showFlares":true,"showImageEffects":true,"showParticleSystems":true},"in2DMode":false,"pivot":{"x":4.369999885559082,"y":13.880000114440918,"z":32.16999816894531},"rotation":{"x":-0.010315327905118466,"y":0.9874266386032105,"z":-0.0721106007695198,"w":-0.14097554981708527},"size":22.0,"orthographic":false}