{"cameraMode":{"drawMode":0,"name":"Shaded","section":"Shading Mode"},"sceneLighting":false,"audioPlay":false,"sceneViewState":{"showFog":false,"showMaterialUpdate":true,"showSkybox":true,"showFlares":true,"showImageEffects":true,"showParticleSystems":true},"in2DMode":false,"pivot":{"x":-47.33270263671875,"y":11.69786262512207,"z":61.57243728637695},"rotation":{"x":0.007951335981488228,"y":-0.9842009544372559,"z":0.04579837992787361,"w":0.17086830735206605},"size":25.428428649902345,"orthographic":false}