{"cameraMode":{"drawMode":0,"name":"Shaded","section":"Shading Mode"},"sceneLighting":false,"audioPlay":false,"sceneViewState":{"showFog":false,"showMaterialUpdate":true,"showSkybox":true,"showFlares":true,"showImageEffects":true,"showParticleSystems":true},"in2DMode":false,"pivot":{"x":-17.93244171142578,"y":6.871464729309082,"z":20.017234802246095},"rotation":{"x":-0.06343115121126175,"y":0.9133320450782776,"z":-0.15630953013896943,"w":-0.3706340193748474},"size":51.40816116333008,"orthographic":false}