{"cameraMode":{"drawMode":0,"name":"Shaded","section":"Shading Mode"},"sceneLighting":false,"audioPlay":false,"sceneViewState":{"showFog":false,"showMaterialUpdate":true,"showSkybox":true,"showFlares":true,"showImageEffects":true,"showParticleSystems":true},"in2DMode":false,"pivot":{"x":-14.153398513793946,"y":22.59445571899414,"z":19.425508499145509},"rotation":{"x":0.10811817646026612,"y":0.8726385831832886,"z":-0.2246813327074051,"w":0.4199194610118866},"size":18.446264266967775,"orthographic":false}