{"cameraMode":{"drawMode":0,"name":"Shaded","section":"Shading Mode"},"sceneLighting":false,"audioPlay":false,"sceneViewState":{"showFog":false,"showMaterialUpdate":true,"showSkybox":true,"showFlares":true,"showImageEffects":true,"showParticleSystems":true},"in2DMode":false,"pivot":{"x":1.9985791444778443,"y":-0.2433261275291443,"z":-0.53468918800354},"rotation":{"x":0.029002593830227853,"y":0.25503259897232058,"z":-0.007653260603547096,"w":0.9664677977561951},"size":1.3578836917877198,"orthographic":false}