{"cameraMode":{"drawMode":0,"name":"Shaded","section":"Shading Mode"},"sceneLighting":false,"audioPlay":false,"sceneViewState":{"showFog":false,"showMaterialUpdate":true,"showSkybox":true,"showFlares":true,"showImageEffects":true,"showParticleSystems":true},"in2DMode":false,"pivot":{"x":-9.227831840515137,"y":9.72305965423584,"z":21.268123626708986},"rotation":{"x":-0.010315327905118466,"y":0.9874266386032105,"z":-0.0721106007695198,"w":-0.14097554981708527},"size":2.590594530105591,"orthographic":false}