{"cameraMode":{"drawMode":0,"name":"Shaded","section":"Shading Mode"},"sceneLighting":false,"audioPlay":false,"sceneViewState":{"showFog":false,"showMaterialUpdate":true,"showSkybox":true,"showFlares":true,"showImageEffects":true,"showParticleSystems":true},"in2DMode":false,"pivot":{"x":170.72848510742188,"y":-141.2606658935547,"z":-101.16912078857422},"rotation":{"x":0.12373126298189163,"y":0.8675724864006043,"z":-0.26837143301963808,"w":0.3999885618686676},"size":282.0210266113281,"orthographic":false}