{"cameraMode":{"drawMode":0,"name":"Shaded","section":"Shading Mode"},"sceneLighting":false,"audioPlay":false,"sceneViewState":{"showFog":false,"showMaterialUpdate":true,"showSkybox":true,"showFlares":true,"showImageEffects":true,"showParticleSystems":true},"in2DMode":false,"pivot":{"x":-10.046937942504883,"y":25.71347999572754,"z":-0.15203475952148438},"rotation":{"x":0.11456006020307541,"y":0.8148449063301086,"z":-0.17240072786808015,"w":0.5414631366729736},"size":30.065763473510743,"orthographic":false}