{"cameraMode":{"drawMode":0,"name":"Shaded","section":"Shading Mode"},"sceneLighting":false,"audioPlay":false,"sceneViewState":{"showFog":false,"showMaterialUpdate":true,"showSkybox":true,"showFlares":true,"showImageEffects":true,"showParticleSystems":true},"in2DMode":false,"pivot":{"x":-50.41462707519531,"y":89.24935913085938,"z":77.30999755859375},"rotation":{"x":-0.010315327905118466,"y":0.9874266386032105,"z":-0.0721106007695198,"w":-0.14097554981708527},"size":4.282755374908447,"orthographic":false}