{"cameraMode":{"drawMode":0,"name":"Shaded","section":"Shading Mode"},"sceneLighting":false,"audioPlay":false,"sceneViewState":{"showFog":false,"showMaterialUpdate":true,"showSkybox":true,"showFlares":true,"showImageEffects":true,"showParticleSystems":true},"in2DMode":false,"pivot":{"x":-1.7491023540496827,"y":14.815628051757813,"z":22.239999771118165},"rotation":{"x":-0.010315327905118466,"y":0.9874266386032105,"z":-0.0721106007695198,"w":-0.14097554981708527},"size":6.819371700286865,"orthographic":false}