{"cameraMode":{"drawMode":0,"name":"Shaded","section":"Shading Mode"},"sceneLighting":false,"audioPlay":false,"sceneViewState":{"showFog":false,"showMaterialUpdate":true,"showSkybox":true,"showFlares":true,"showImageEffects":true,"showParticleSystems":true},"in2DMode":false,"pivot":{"x":10.904363632202149,"y":3.8518877029418947,"z":36.206092834472659},"rotation":{"x":0.13626395165920258,"y":0.7472427487373352,"z":-0.16161417961120606,"w":0.6300328373908997},"size":23.258378982543947,"orthographic":false}